<?xml version="1.0" encoding="UTF-8"?>
<project-private xmlns="http://www.netbeans.org/ns/project-private/1">
    <editor-bookmarks xmlns="http://www.netbeans.org/ns/editor-bookmarks/2" lastBookmarkId="0"/>
    <open-files xmlns="http://www.netbeans.org/ns/projectui-open-files/2">
        <group name="Group 20220402-03:00:11">
            <file>file:/C:/Users/tekke/OneDrive%20-%20UNIVERSIDAD%20DE%20LAS%20AMERICAS/Documentos/NetBeansProjects/algoritmos_estructuras/ejercicio1_banco/src/ejercicio1_banco/Usuarios.java</file>
            <file>file:/C:/Users/tekke/OneDrive%20-%20UNIVERSIDAD%20DE%20LAS%20AMERICAS/Documentos/NetBeansProjects/algoritmos_estructuras/ejercicio1_banco/src/ejercicio1_banco/Ejercicio1_banco.java</file>
        </group>
    </open-files>
</project-private>
